{
    "full_val": {
        "pass@1": 0.0015,
        "pass@2": 0.0029771825396825396,
        "pass@4": 0.00586538364684848,
        "pass@8": 0.011392282155238263,
        "pass@16": 0.021556986729117874,
        "pass@32": 0.03902654176424668,
        "pass@64": 0.066,
        "mean_token_length": 2035.8970625
    },
    "hard_val": {
        "pass@1": 5.05663430420712e-05,
        "pass@2": 0.0001011326860841424,
        "pass@4": 0.0002022653721682848,
        "pass@8": 0.0004045307443365696,
        "pass@16": 0.0008090614886731392,
        "pass@32": 0.0016181229773462784,
        "pass@64": 0.003236245954692557,
        "mean_token_length": 2038.7937398867314
    }
}